ALTER DATABASE webshop DEFAULT CHARACTER SET = 'utf8' COLLATE = 'utf8_swedish_ci';

INSERT INTO Customer (userName, userEmail, password) VALUES('Harry','HarryMail','123pw');
INSERT INTO Customer (userName, userEmail, password) VALUES('Karlgren','KarlMail','wp321');
INSERT INTO Customer (userName, userEmail, password) VALUES('Victor','VictorMale','123wp');
INSERT INTO Customer (userName, userEmail, password) VALUES('Martin','MartinMail','wp123');
INSERT INTO Customer (userName, userEmail, password) VALUES('Dure','MailDure','321pw');
INSERT INTO Customer (userName, userEmail, password) VALUES('Britt-Olof','BriolfMail','321wp');
INSERT INTO Customer (userName, userEmail, password) VALUES('Britt-Erik','BrerikMail','w123p');
INSERT INTO Customer (userName, userEmail, password) VALUES('Kent-Morgan','KenoMail','p123w');
INSERT INTO Customer (userName, userEmail, password) VALUES('J Von Hacht','Hajen','somVissteforMkt');

INSERT INTO Products (artNr, proName, price, url, description) VALUES(12345,'Apple',10,'Apple.jpg','Hur många äpplen hade fallit från träd innan Sir Newton kom på graviditeten? man skulle ju kunna tro att vi lär oss långsamt man det gäller att man är nyfiken.. som Nicke.');
INSERT INTO Products (artNr, proName, price, url, description) VALUES(54321,'Banana',12,'Banana.jpg','Bananer är gula och böjda, det var också under medeltiden den generella tron att jorden var bananformad.');
INSERT INTO Products (artNr, proName, price, url, description) VALUES(51423,'Pear',14,'Pear.jpg','Vem var det som kom på idén med frukt? Det måste vara det svåraste substantiv att skriva flummiga beskrivningar om, lyckligtvis kommer det även ett par seriösa beskrivningar också.');
INSERT INTO Products (artNr, proName, price, url, description) VALUES(34251,'Orange',15,'Orange.jpg','Våran mest prestigefyllda citrusfrukt, som vilken annan som helst. Den är ful och ser ut som en rund morot.');
INSERT INTO Products (artNr, proName, price, url, description) VALUES(32415,'Ferrari',18000,'Ferrari.jpg','Ferrari har annonserat att dom tänker göra en hover-car convertible som kan konvertera från hover-car till riktig car.. Snacka om ett riktigt "bad"-Car');
INSERT INTO Products (artNr, proName, price, url, description) VALUES(15243,'RangeRover',17,'RangeRover.jpg','Den här bilen gav mig och min endlösa fantasi en tyst stund, hade ingen aning om vad jag kan skriva här så den får bli sån, //Harry');
INSERT INTO Products (artNr, proName, price, url, description) VALUES(12543,'ipren',100350,'ipren.jpg','Något som Martin i våran grupp har användning av men han tycker nog att det är för dyrt?');
INSERT INTO Products (artNr, proName, price, url, description) VALUES(54123,'Doorknob',805,'Doorknob.jpg','Alla har vi väl känt att det är motstridigt ibland? och då vore väl inget annat bättre än att få ett "handtag"? :D just nu, om du köper detta handtag inom 10 sekunder så får du även en penna, med någon annans namn, ingraverat i guld! Nice Price på AweseomShop Deluxe');
INSERT INTO Products (artNr, proName, price, url, description) VALUES(78910,'Grape',25,'Grape.jpg','Frukt för vilken nördig health junky som helst, vi gilalr inte sånna så därför säger vi att vi säljer världens bästa frukt till ockerpriser. oj, nej, vänta! kom detta in i produktbeskrivningen nu? :O helv***');
INSERT INTO Products (artNr, proName, price, url, description) VALUES(10987,'PolarBear',30,'PolarBear.jpg','En alldeles egen Isbjörn finns att köpa här till det helt incredible låga pris av det som står där ovanför.. Äter pingviner och saltgurka men passa er för att ge den pressad gurkmajonäs då det kan ge upphov till gaser.. globala uppvärmningsgaser!');
INSERT INTO Products (artNr, proName, price, url, description) VALUES(13337,'Porsche',512,'Porsche.jpg','En bil som så många andra, förutom att detta har världens skönaste säten, kunde nästan tro att en viss tysk diktator designade den.. För han hade ju tydligen Great Succes med en viss "Mein Kampfy Chair"');
INSERT INTO Products (artNr, proName, price, url, description) VALUES(73331,'Milk',432,'Milk.jpg','Mjölk är naturens egen sportdryck, ihoppressat i alla fyra magar på en slumpvis utvald ko, Vem hade kunnat ana att just den kon skulle göra just din mjölk? :O mindBlown! Vi borde skriva ett "kon"trakt på alla "kon"stiga idéer som "kon"stapel kal"kon" "ko"mmer på inna vi går i "kon"kurs :D');
INSERT INTO Products (artNr, proName, price, url, description) VALUES(37313,'Fannerset',345,'fannerset.jpg','Bestick av högst kvalité för att kunna avnjuta allt, Kebabrullar från Rolands kött & video till svindyr hummer från en girig spansk hummer-fifflare. Imponera på dina grannar, oerhört dyrt, fult men doftar gran.');
INSERT INTO Products (artNr, proName, price, url, description) VALUES(31373,'Shoehorn',789,'Shoehorn.jpg','Har du alltid tyckt att ditt skohorn är för tungt? Då behöver du inte leta längre, för här är ShoehornSuperleggera1.0, ett skohorn gjort av kolfibrer. Så nu kan du äntligen göra allt det där som du bara drömt om, när du har ett alldeles eget skohorn gjort av kolfibrer!!  :D ');
INSERT INTO Products (artNr, proName, price, url, description) VALUES(33317,'KalsongNr1',11,'kalsongNrEtt.JPG','Varför brann Hipstern inne i den stora branden? - Jo han tyckte nödutgången var för "mainstream".');
INSERT INTO Products (artNr, proName, price, url, description) VALUES(33371,'KalsongNr3',12,'kalsongNr3.jpg','Äkta dressman, endast för riktiga män som spelar hockey och dricker öl. En man som torkar sina kläder i ugnen istället för torktummlarn, en man som parkerar sin motorcykel i vardagsrummet, en man som vars toarulle river som en tre-dagars skäggstubb i stjären.. Där har vi mannen för dessa helt otroliga kalsonger!');
INSERT INTO Products (artNr, proName, price, url, description) VALUES(33731,'KalsongNr4',13,'kalsongNr4.jpg','Wow, vad tråkiga alla vitsar om Zebror är.. - Ja, dom är ju lite långrandiga.. ka-dom-tish!');
INSERT INTO Products (artNr, proName, price, url, description) VALUES(17333,'Asfalt',1300,'Asfalt.jpg','Finns det något mer manligare än att komma hem svettig en torsdagseftermiddag, slänge upp fötterna på farmors gamla träpall, knäcka en bärs framför TV:n och bara ta och beställa ett par hektar asfal,, (eller är det i m^3 man köper det i?. hmm..)');

INSERT INTO Orders (ordNr, ordDate, ordUser) VALUES(10,111014,'Karlgren');
INSERT INTO Orders (ordNr, ordDate, ordUser) VALUES(11,111014,'Harry');
INSERT INTO Orders (ordNr, ordDate, ordUser) VALUES(12,111014,'Martin');
INSERT INTO Orders (ordNr, ordDate, ordUser) VALUES(13,111014,'Victor');
INSERT INTO Orders (ordNr, ordDate, ordUser) VALUES(14,111014,'Harry');
INSERT INTO Orders (ordNr, ordDate, ordUser) VALUES(15,111014,'Harry');
INSERT INTO Orders (ordNr, ordDate, ordUser) VALUES(16,111016,'Harry');
INSERT INTO Orders (ordNr, ordDate, ordUser) VALUES(17,111016,'Victor');
INSERT INTO Orders (ordNr, ordDate, ordUser) VALUES(18,111016,'Britt-Olof');
INSERT INTO Orders (ordNr, ordDate, ordUser) VALUES(19,111016,'Britt-Erik');
INSERT INTO Orders (ordNr, ordDate, ordUser) VALUES(20,111016,'Kent-Morgan');
INSERT INTO Orders (ordNr, ordDate, ordUser) VALUES(21,111016,'J Von Hacht');

INSERT INTO Orderitem (ordNr, artNr, quant) VALUES(10,12345,50);
INSERT INTO Orderitem (ordNr, artNr, quant) VALUES(11,32415,2);
INSERT INTO Orderitem (ordNr, artNr, quant) VALUES(12,12543,3);
INSERT INTO Orderitem (ordNr, artNr, quant) VALUES(13,15243,1);
INSERT INTO Orderitem (ordNr, artNr, quant) VALUES(13,54321,2);
INSERT INTO Orderitem (ordNr, artNr, quant) VALUES(14,54123,1);
INSERT INTO Orderitem (ordNr, artNr, quant) VALUES(15,12345,7);
INSERT INTO Orderitem (ordNr, artNr, quant) VALUES(16,33317,5);
INSERT INTO Orderitem (ordNr, artNr, quant) VALUES(16,33371,5);
INSERT INTO Orderitem (ordNr, artNr, quant) VALUES(16,33731,5);
INSERT INTO Orderitem (ordNr, artNr, quant) VALUES(17,33731,3);
INSERT INTO Orderitem (ordNr, artNr, quant) VALUES(18,10987,100);
INSERT INTO Orderitem (ordNr, artNr, quant) VALUES(18,37313,1);
INSERT INTO Orderitem (ordNr, artNr, quant) VALUES(19,31373,2);
INSERT INTO Orderitem (ordNr, artNr, quant) VALUES(19,13337,1);
INSERT INTO Orderitem (ordNr, artNr, quant) VALUES(20,12345,7);
INSERT INTO Orderitem (ordNr, artNr, quant) VALUES(21,33371,40);
INSERT INTO Orderitem (ordNr, artNr, quant) VALUES(21,32415,1);
